Questions ID,Themes - LDA,About,Theme Rank,
http://stackoverflow.com/questions/32931702,"Error Handling and Fix,",Basic Question - answer is exception handler,Error Handling and Fix,358
http://stackoverflow.com/questions/32390611,"Q&A, Error Handling and Fix,",basic question - diference between trys,Error - General,215
http://stackoverflow.com/questions/30740997,"Q&A, Error Handling and Fix, Objective C Translation/Integration,",Basic Question - difference between swift - java - objectivec error handler,Q&A,176
http://stackoverflow.com/questions/31422005,"Error - Optionals, Error Handling and Fix, OO Programming, Var Declaration/Assignment,",Basic Question - How To convert errortype into nserror,Networking,125
http://stackoverflow.com/questions/31201930,"Data Storage, IDE - Xcode, Error Handling and Fix, Error - General,",Basic Question - How To get error information.,OO Programming,114
http://stackoverflow.com/questions/30974104,"Q&A, Error Handling and Fix,",Basic Question - How To handle exception â€¦ defer - finally,Error - Optionals,95
http://stackoverflow.com/questions/27611433,"Q&A, Error Handling and Fix,",Basic Question - How To handle exception.,Data Types,85
http://stackoverflow.com/questions/27915383,"UI - Text, Q&A, Networking, Error Handling and Fix, Error - General,",Basic Question - How To handle exception.,IDE - Xcode,78
http://stackoverflow.com/questions/26852238,"UI - Text, UI - Navigation, Error - Optionals, Error - General,",Basic Question - How To handle exception..,Cloud/Social Media,75
http://stackoverflow.com/questions/27570344,"Q&A, Error Handling and Fix, Var Declaration/Assignment,",Basic Question - How To handle exception..,Multithreaded/scheduled functions,67
http://stackoverflow.com/questions/27967349,"iOS Testing, Q&A, Noise - General Words, Error Handling and Fix,",Basic Question - How To handle exception..,Objective C Translation/Integration,66
http://stackoverflow.com/questions/28552710,"Data Types, Q&A, Error Handling and Fix, Error - General,",Basic Question - How To handle exception..,Var Declaration/Assignment,59
http://stackoverflow.com/questions/28607012,"Cloud/Social Media, Q&A, Error Handling and Fix,",Basic Question - How To handle exception..,iOS Testing,57
http://stackoverflow.com/questions/28651510,"Q&A, UI - Actions, Networking, Error Handling and Fix, Error - General,",Basic Question - How To handle exception..,Data Storage,56
http://stackoverflow.com/questions/28733256,"Q&A, Networking, OO Programming, Multithreaded/scheduled functions,",Basic Question - How To handle exception..,UI - Navigation,44
http://stackoverflow.com/questions/28878094,"Q&A, Networking, OO Programming, Error - General, Objective C Translation/Integration,",Basic Question - How To handle exception..,Noise - General Words,26
http://stackoverflow.com/questions/29386184,"Q&A, Error Handling and Fix,",Basic Question - How To handle exception..,Location/Web Components,26
http://stackoverflow.com/questions/29591531,"Q&A, Error - Optionals, Error Handling and Fix, Error - General,",Basic Question - How To handle exception..,UI - Text,24
http://stackoverflow.com/questions/30197779,"iOS Testing, Q&A, Networking,",Basic Question - How To handle exception..,UI - Actions,23
http://stackoverflow.com/questions/30401590,"Networking, Error Handling and Fix, Multithreaded/scheduled functions,",Basic Question - How To handle exception..,UI - TableView,20
http://stackoverflow.com/questions/30737262,"Q&A, Noise - General Words, Error Handling and Fix, Error - General,",Basic Question - How To handle exception..,Media/Time Components,17
http://stackoverflow.com/questions/30743758,"Error - Optionals, Error Handling and Fix,",Basic Question - How To handle exception..,Image Handling,11
http://stackoverflow.com/questions/30776458,"Error Handling and Fix, Error - General, Var Declaration/Assignment,",Basic Question - How To handle exception..,Game Development,9
http://stackoverflow.com/questions/30817107,"Error Handling and Fix, Error - General,",Basic Question - How To handle exception..,UI - Positioning,5
http://stackoverflow.com/questions/30837597,"Networking, Error Handling and Fix, Multithreaded/scheduled functions,",Basic Question - How To handle exception..,UI - Animations,3
http://stackoverflow.com/questions/31077613,"Q&A, Error - Optionals, Error Handling and Fix, Error - General,",Basic Question - How To handle exception..,,
http://stackoverflow.com/questions/31310708,"Q&A, Error Handling and Fix, Var Declaration/Assignment, Objective C Translation/Integration,",Basic Question - How To handle exception..,,
http://stackoverflow.com/questions/31374905,"Data Types, Q&A, Media/Time Components, Error Handling and Fix,",Basic Question - How To handle exception..,Perguntas com resposta favorita,300
http://stackoverflow.com/questions/31490485,"Error Handling and Fix, Error - General,",Basic Question - How To handle exception..,Perguntas SEM resposta favorita,263
http://stackoverflow.com/questions/31559364,"Error Handling and Fix, Var Declaration/Assignment,",Basic Question - How To handle exception..,,
http://stackoverflow.com/questions/31578216,"Q&A, Noise - General Words, Error Handling and Fix,",Basic Question - How To handle exception..,Perguntas 2014,132
http://stackoverflow.com/questions/31599615,"Data Types, Q&A, Error Handling and Fix,",Basic Question - How To handle exception..,Perguntas 2015,431
http://stackoverflow.com/questions/31653686,"Cloud/Social Media, Q&A, Networking, Error Handling and Fix,",Basic Question - How To handle exception..,,
http://stackoverflow.com/questions/31666083,"Noise - General Words, Error Handling and Fix, Error - General, Multithreaded/scheduled functions,",Basic Question - How To handle exception..,,
http://stackoverflow.com/questions/31686040,"Q&A, OO Programming, Var Declaration/Assignment,",Basic Question - How To handle exception..,,
http://stackoverflow.com/questions/31716932,"Q&A, Error Handling and Fix,",Basic Question - How To handle exception..,,
http://stackoverflow.com/questions/31818778,"Q&A, Error Handling and Fix,",Basic Question - How To handle exception..,,
http://stackoverflow.com/questions/31838261,"Error - Optionals, Error Handling and Fix, Multithreaded/scheduled functions,",Basic Question - How To handle exception..,,
http://stackoverflow.com/questions/31977738,"Q&A, Error Handling and Fix,",Basic Question - How To handle exception..,,
http://stackoverflow.com/questions/32065015,"UI - Navigation, Q&A, UI - Actions, Networking, Error Handling and Fix,",Basic Question - How To handle exception..,,
http://stackoverflow.com/questions/32095125,"Q&A, Error - Optionals, Error Handling and Fix, Var Declaration/Assignment,",Basic Question - How To handle exception..,,
http://stackoverflow.com/questions/32195591,"Error Handling and Fix, OO Programming, Objective C Translation/Integration,",Basic Question - How To handle exception..,,
http://stackoverflow.com/questions/32218372,"Q&A, Data Storage, Error Handling and Fix, OO Programming,",Basic Question - How To handle exception..,,
http://stackoverflow.com/questions/32228285,"Q&A, Data Storage, Networking, OO Programming,",Basic Question - How To handle exception..,,
http://stackoverflow.com/questions/32259910,"Error Handling and Fix, Error - General,",Basic Question - How To handle exception..,,
http://stackoverflow.com/questions/32273154,"Cloud/Social Media, IDE - Xcode, Error Handling and Fix, Error - General,",Basic Question - How To handle exception..,,
http://stackoverflow.com/questions/32343350,"Cloud/Social Media, Q&A, Error - Optionals, Networking, Error Handling and Fix,",Basic Question - How To handle exception..,,
http://stackoverflow.com/questions/32379665,"iOS Testing, UI - Text, Location/Web Components,",Basic Question - How To handle exception..,,
http://stackoverflow.com/questions/32419820,"iOS Testing, Data Types, Error - Optionals, Error Handling and Fix,",Basic Question - How To handle exception..,,
http://stackoverflow.com/questions/32515845,"Q&A, Error Handling and Fix, Multithreaded/scheduled functions,",Basic Question - How To handle exception..,,
http://stackoverflow.com/questions/32562760,"IDE - Xcode, Error Handling and Fix, Location/Web Components, Multithreaded/scheduled functions,",Basic Question - How To handle exception..,,
http://stackoverflow.com/questions/32604373,"IDE - Xcode, Error Handling and Fix, Error - General, Var Declaration/Assignment,",Basic Question - How To handle exception..,,
http://stackoverflow.com/questions/32650050,"Error Handling and Fix,",Basic Question - How To handle exception..,,
http://stackoverflow.com/questions/32917874,"Data Types, Q&A, Error Handling and Fix, OO Programming,",Basic Question - How To handle exception..,,
http://stackoverflow.com/questions/33031903,"IDE - Xcode, Error Handling and Fix, Location/Web Components, Error - General,",Basic Question - How To handle exception..,,
http://stackoverflow.com/questions/30826560,"Data Types, Q&A, Error Handling and Fix, Error - General,",Basic Question - How To handle exception.. Migrate to swift 2,,
http://stackoverflow.com/questions/30954722,"IDE - Xcode, Error Handling and Fix, Error - General,",Basic Question - How To handle exception.. Migrate to swift 2,,
http://stackoverflow.com/questions/31296545,"Q&A, Error Handling and Fix, Error - General, Var Declaration/Assignment,",Basic Question - How To handle exception.. Migrate to swift 2,,
http://stackoverflow.com/questions/31667074,"IDE - Xcode, Error Handling and Fix, Error - General,",Basic Question - How To handle exception.. Migrate to swift 2,,
http://stackoverflow.com/questions/31892230,"Error Handling and Fix, Error - General, Objective C Translation/Integration,",Basic Question - How To handle exception.. Migrate to swift 2,,
http://stackoverflow.com/questions/31944139,"Q&A, Data Storage, Error Handling and Fix, Error - General,",Basic Question - How To handle exception.. Migrate to swift 2,,
http://stackoverflow.com/questions/32137906,"Error Handling and Fix, Objective C Translation/Integration,",Basic Question - How To handle exception.. Migrate to swift 2,,
http://stackoverflow.com/questions/32446249,"Error Handling and Fix, Error - General,",Basic Question - How To handle exception.. Migrate to swift 2,,
http://stackoverflow.com/questions/32625506,"Q&A, Error - Optionals, OO Programming, Var Declaration/Assignment,",Basic Question - How To handle exception.. Migrate to swift 2,,
http://stackoverflow.com/questions/32635848,"Data Types, IDE - Xcode, Error Handling and Fix, OO Programming, Objective C Translation/Integration,",Basic Question - How To handle exception.. Migrate to swift 2,,
http://stackoverflow.com/questions/32641842,"Data Storage, IDE - Xcode, Error Handling and Fix,",Basic Question - How To handle exception.. Migrate to swift 2,,
http://stackoverflow.com/questions/32651449,"Data Storage, Error Handling and Fix,",Basic Question - How To handle exception.. Migrate to swift 2,,
http://stackoverflow.com/questions/32660302,"Error Handling and Fix, Multithreaded/scheduled functions,",Basic Question - How To handle exception.. Migrate to swift 2,,
http://stackoverflow.com/questions/32663793,"Data Types, Error Handling and Fix, Error - General, Objective C Translation/Integration,",Basic Question - How To handle exception.. Migrate to swift 2,,
http://stackoverflow.com/questions/32674160,"Error Handling and Fix, OO Programming, Error - General, Var Declaration/Assignment,",Basic Question - How To handle exception.. Migrate to swift 2,,
http://stackoverflow.com/questions/32694669,"IDE - Xcode, Error Handling and Fix,",Basic Question - How To handle exception.. Migrate to swift 2,,
http://stackoverflow.com/questions/32703979,"Data Types, Q&A, Error Handling and Fix, Objective C Translation/Integration,",Basic Question - How To handle exception.. Migrate to swift 2,,
http://stackoverflow.com/questions/32716928,"Noise - General Words, Networking, IDE - Xcode, Error Handling and Fix, Error - General,",Basic Question - How To handle exception.. Migrate to swift 2,,
http://stackoverflow.com/questions/32721338,"Q&A, Error - Optionals, OO Programming, Error - General,",Basic Question - How To handle exception.. Migrate to swift 2,,
http://stackoverflow.com/questions/32723370,"Error Handling and Fix, OO Programming, Error - General,",Basic Question - How To handle exception.. Migrate to swift 2,,
http://stackoverflow.com/questions/32745855,"Error Handling and Fix, OO Programming, Objective C Translation/Integration,",Basic Question - How To handle exception.. Migrate to swift 2,,
http://stackoverflow.com/questions/32753655,"Q&A, Error Handling and Fix, OO Programming,",Basic Question - How To handle exception.. Migrate to swift 2,,
http://stackoverflow.com/questions/32758231,"iOS Testing, Error Handling and Fix, Error - General,",Basic Question - How To handle exception.. Migrate to swift 2,,
http://stackoverflow.com/questions/32809294,"Q&A, Error Handling and Fix, Error - General,",Basic Question - How To handle exception.. Migrate to swift 2,,
http://stackoverflow.com/questions/32910626,"Q&A, Error - Optionals, Error Handling and Fix, Error - General,",Basic Question - How To handle exception.. Migrate to swift 2,,
http://stackoverflow.com/questions/32961452,"Networking, IDE - Xcode, Error Handling and Fix, Location/Web Components, Error - General,",Basic Question - How To handle exception.. Migrate to swift 2,,
http://stackoverflow.com/questions/30812959,"Q&A, Error Handling and Fix, Error - General, Multithreaded/scheduled functions,",Basic Question - How To handle exception.. Swift 2,,
http://stackoverflow.com/questions/31799351,"Q&A, Error Handling and Fix, Objective C Translation/Integration,",Basic Question - How To handle exception.. Swift 2 to objective c,,
http://stackoverflow.com/questions/26840513,"UI - Text, Networking, Error - General,",Basic Question - How to handle this kind of error.,,
http://stackoverflow.com/questions/27365306,"Noise - General Words, Networking, Error Handling and Fix,",Basic Question - How to handle this kind of error.,,
http://stackoverflow.com/questions/28602174,"Cloud/Social Media, Error - General,",Basic Question - How to handle this kind of error.,,
http://stackoverflow.com/questions/28782116,"iOS Testing, Error - Optionals, Error Handling and Fix, Error - General,",Basic Question - How to handle this kind of error.,,
http://stackoverflow.com/questions/28804820,"Networking, Error Handling and Fix, Objective C Translation/Integration,",Basic Question - How to handle this kind of error.,,
http://stackoverflow.com/questions/29024703,"Data Types, Networking, Error Handling and Fix, Error - General,",Basic Question - How to handle this kind of error.,,
http://stackoverflow.com/questions/29319278,"Data Types, Q&A, Error - Optionals, Error Handling and Fix, Error - General,",Basic Question - How to handle this kind of error.,,
http://stackoverflow.com/questions/29449995,"iOS Testing, Networking, Error Handling and Fix,",Basic Question - How to handle this kind of error.,,
http://stackoverflow.com/questions/30720497,"Q&A, Error - Optionals, Error Handling and Fix, OO Programming,",Basic Question - How To use (try catch) swift2,,
http://stackoverflow.com/questions/30738271,"Error - Optionals, Data Storage, Error Handling and Fix,",Basic Question - How To use (try catch) swift2,,
http://stackoverflow.com/questions/30971273,"Noise - General Words, Error - Optionals, Media/Time Components, Error Handling and Fix, Error - General,",Basic Question - How To use (try catch) swift2,,
http://stackoverflow.com/questions/31019682,"iOS Testing, IDE - Xcode, Error Handling and Fix, Error - General,",Basic Question - How To use (try catch) swift2,,
http://stackoverflow.com/questions/31030366,"Q&A, Networking, Error Handling and Fix, Error - General,",Basic Question - How To use (try catch) swift2,,
http://stackoverflow.com/questions/31051263,"Networking, Error Handling and Fix, Multithreaded/scheduled functions,",Basic Question - How To use (try catch) swift2,,
http://stackoverflow.com/questions/31104449,"Q&A, IDE - Xcode, Error Handling and Fix,",Basic Question - How To use (try catch) swift2,,
http://stackoverflow.com/questions/31106954,"Error Handling and Fix,",Basic Question - How To use (try catch) swift2,,
http://stackoverflow.com/questions/31160361,"Error Handling and Fix, Error - General,",Basic Question - How To use (try catch) swift2,,
http://stackoverflow.com/questions/31335023,"Error - Optionals, Error Handling and Fix, Error - General,",Basic Question - How To use (try catch) swift2,,
http://stackoverflow.com/questions/31469053,"Error Handling and Fix, Error - General, Var Declaration/Assignment,",Basic Question - How To use (try catch) swift2,,
http://stackoverflow.com/questions/31677024,"Q&A, Error - Optionals, Var Declaration/Assignment,",Basic Question - How To use (try catch) swift2,,
http://stackoverflow.com/questions/31728452,"Data Types, Q&A, Error Handling and Fix, Multithreaded/scheduled functions,",Basic Question - How To use (try catch) swift2,,
http://stackoverflow.com/questions/31888488,"Data Types, Networking, Error Handling and Fix, Error - General,",Basic Question - How To use (try catch) swift2,,
http://stackoverflow.com/questions/31955234,"UI - Navigation, Q&A, Error - Optionals, IDE - Xcode, Error Handling and Fix, OO Programming,",Basic Question - How To use (try catch) swift2,,
http://stackoverflow.com/questions/31987450,"Data Types, Error - General, Multithreaded/scheduled functions,",Basic Question - How To use (try catch) swift2,,
http://stackoverflow.com/questions/32124486,"Q&A, Error Handling and Fix,",Basic Question - How To use (try catch) swift2,,
http://stackoverflow.com/questions/32130208,"IDE - Xcode, Error Handling and Fix, Error - General,",Basic Question - How To use (try catch) swift2,,
http://stackoverflow.com/questions/32235549,"Error Handling and Fix, Error - General, Objective C Translation/Integration,",Basic Question - How To use (try catch) swift2,,
http://stackoverflow.com/questions/32243424,"UI - Navigation, Error Handling and Fix, OO Programming,",Basic Question - How To use (try catch) swift2,,
http://stackoverflow.com/questions/32275184,"Q&A, Networking, Error Handling and Fix,",Basic Question - How To use (try catch) swift2,,
http://stackoverflow.com/questions/32349621,"IDE - Xcode, Error Handling and Fix, Error - General,",Basic Question - How To use (try catch) swift2,,
http://stackoverflow.com/questions/32513550,"Q&A, Error Handling and Fix, Var Declaration/Assignment,",Basic Question - How To use (try catch) swift2,,
http://stackoverflow.com/questions/32521243,"Q&A, Error Handling and Fix, Error - General,",Basic Question - How To use (try catch) swift2,,
http://stackoverflow.com/questions/32668291,"Data Types, Error Handling and Fix,",Basic Question - How To use (try catch) swift2,,
http://stackoverflow.com/questions/32773222,"Error Handling and Fix,",Basic Question - How To use (try catch) swift2,,
http://stackoverflow.com/questions/32794601,"Networking, Error Handling and Fix,",Basic Question - How To use (try catch) swift2,,
http://stackoverflow.com/questions/32832976,"Error - Optionals, Media/Time Components, Error Handling and Fix,",Basic Question - How To use (try catch) swift2,,
http://stackoverflow.com/questions/32882823,"Q&A, Error - Optionals, Error Handling and Fix,",Basic Question - How To use (try catch) swift2,,
http://stackoverflow.com/questions/32899346,"Error Handling and Fix, Error - General, Var Declaration/Assignment,",Basic Question - How To use (try catch) swift2,,
http://stackoverflow.com/questions/32901802,"Q&A, IDE - Xcode, Error Handling and Fix,",Basic Question - How To use (try catch) swift2,,
http://stackoverflow.com/questions/32970293,"UI - Text, Q&A, Data Storage, Networking, Error - General,",Basic Question - How To use (try catch) swift2,,
http://stackoverflow.com/questions/32971717,"Image Handling, Media/Time Components, Error Handling and Fix,",Basic Question - How To use (try catch) swift2,,
http://stackoverflow.com/questions/32997955,"IDE - Xcode, Error Handling and Fix, Error - General,",Basic Question - How To use (try catch) swift2,,
http://stackoverflow.com/questions/33033488,"Cloud/Social Media, Data Types, Noise - General Words, Error Handling and Fix,",Basic Question - How To use (try catch) swift2,,
http://stackoverflow.com/questions/25308272,"UI - Navigation, Q&A,",Basic Question - How To use (try catch)..,,
http://stackoverflow.com/questions/26374127,"Q&A, Error Handling and Fix, Objective C Translation/Integration,",Basic Question - How To use (try catch)..,,
http://stackoverflow.com/questions/29335090,"UI - Navigation, Error - General, Multithreaded/scheduled functions,",Basic Question - How To use (try catch).. Translate object c to swift,,
http://stackoverflow.com/questions/31710989,"Data Types, Error Handling and Fix, Error - General, Objective C Translation/Integration,",Basic Question - How To use (try catch).. Translate object c to swift,,
http://stackoverflow.com/questions/32758811,"Error Handling and Fix, Objective C Translation/Integration,",Basic Question - How To use (try catch).. Translate object c to swift,,
http://stackoverflow.com/questions/26811613,"Q&A, Error - Optionals, Error Handling and Fix, Var Declaration/Assignment, Multithreaded/scheduled functions,",Basic Question - How To use NSError..,,
http://stackoverflow.com/questions/24010569,"Q&A, Error Handling and Fix,",Basic Question - How To use..,,
http://stackoverflow.com/questions/24269395,"Q&A, Error Handling and Fix, Error - General,",Basic Question - How To use..,,
http://stackoverflow.com/questions/24637102,"Q&A, Networking, Error Handling and Fix, Error - General, Multithreaded/scheduled functions,",Basic Question - How To use..,,
http://stackoverflow.com/questions/24869148,"Q&A, Error - Optionals, Error Handling and Fix, OO Programming, Objective C Translation/Integration,",Basic Question - How To use..,,
http://stackoverflow.com/questions/25860169,"UI - Text, Q&A, Error Handling and Fix, Error - General,",Basic Question - How To use..,,
http://stackoverflow.com/questions/26411894,"Q&A, Error Handling and Fix,",Basic Question - How To use..,,
http://stackoverflow.com/questions/26545444,"Q&A, Error - Optionals, Error Handling and Fix,",Basic Question - How To use..,,
http://stackoverflow.com/questions/30382194,"Data Types, Q&A,",Basic Question - How To use.. Assert,,
http://stackoverflow.com/questions/32763001,"Q&A, Error - Optionals, Error Handling and Fix,",Basic Question -dicussion of How To handle exception..,,
http://stackoverflow.com/questions/31022572,"Error Handling and Fix, Error - General, Objective C Translation/Integration,",basic question exception handler objecitve c migrate swift,,
http://stackoverflow.com/questions/31024803,"Error Handling and Fix, Objective C Translation/Integration,",basic question exception handler objecitve c migrate swift,,
http://stackoverflow.com/questions/24427696,"Q&A, Error Handling and Fix, Objective C Translation/Integration,",Is it possible question..,,
http://stackoverflow.com/questions/24023112,"Error - Optionals, Error Handling and Fix, Multithreaded/scheduled functions,",Is it possible question..,,
http://stackoverflow.com/questions/24105571,"Data Types, IDE - Xcode, Error - General, Objective C Translation/Integration,",migration error due except hand.. swift2,,
http://stackoverflow.com/questions/25836247,"Q&A, Error - Optionals, Error Handling and Fix, OO Programming,",Basic Question - How To use..,,
http://stackoverflow.com/questions/24250363,"Error Handling and Fix, OO Programming, Objective C Translation/Integration,",Translate objc to swift,,
http://stackoverflow.com/questions/25441302,"Q&A, Var Declaration/Assignment, Objective C Translation/Integration,",Translate objc to swift try/catch,,
http://stackoverflow.com/questions/24077179,"Cloud/Social Media, Data Types, Error Handling and Fix, Objective C Translation/Integration,",Translate objc to swift try/catch,,
http://stackoverflow.com/questions/24710424,"Data Types, Error Handling and Fix, OO Programming,",Way to not use Try/catch,,
http://stackoverflow.com/questions/27168712,"Q&A, Data Storage, Error Handling and Fix,",When use error handler,,